METABOLITE,KEGG,CAS,PubChem,Mock_0hr_M_1_001,Mock_0hr_M_2_087,Mock_0hr_M_3_045,Mock_0hr_M_4_101,Mock_0hr_M_5_109,Mock_3hr_M_1_035,Mock_3hr_M_2_003,Mock_3hr_M_3_074,Mock_3hr_M_4_013,Mock_3hr_M_5_100,Mock_7hr_M_1_018,Mock_7hr_M_2_038,Mock_7hr_M_3_086,Mock_7hr_M_4_119,Mock_7hr_M_5_076,Mock_12hr_M_1_110,Mock_12hr_M_2_002,Mock_12hr_M_3_075,Mock_12hr_M_4_054,Mock_12hr_M_5_090,Mock_18hr_M_1_082,Mock_18hr_M_2_037,Mock_18hr_M_3_043,Mock_18hr_M_4_115,Mock_18hr_M_5_007,Mock_24hr_M_1_069,Mock_24hr_M_2_081,Mock_24hr_M_3_060,Mock_24hr_M_4_004,Mock_24hr_M_5_111,FM_0hr_M_1_099,FM_0hr_M_2_073,FM_0hr_M_3_011,FM_0hr_M_4_027,FM_0hr_M_5_051,FM_3hr_M_1_107,FM_3hr_M_2_044,FM_3hr_M_3_080,FM_3hr_M_4_012,FM_3hr_M_5_049,FM_7hr_M_1_046,FM_7hr_M_2_070,FM_7hr_M_3_010,FM_7hr_M_4_088,FM_7hr_M_5_097,FM_12hr_M_1_031,FM_12hr_M_2_094,FM_12hr_M_3_068,FM_12hr_M_4_117,FM_12hr_M_5_028,FM_18hr_M_1_103,FM_18hr_M_2_093,FM_18hr_M_3_056,FM_18hr_M_4_019,FM_18hr_M_5_084,FM_24hr_M_1_114,FM_24hr_M_2_030,FM_24hr_M_3_091,FM_24hr_M_4_067,FM_24hr_M_5_041,AH1_0hr_M_1_089,AH1_0hr_M_2_039,AH1_0hr_M_3_098,AH1_0hr_M_4_006,AH1_0hr_M_5_014,AH1_3hr_M_1_022,AH1_3hr_M_2_059,AH1_3hr_M_3_083,AH1_3hr_M_4_106,AH1_3hr_M_5_116,AH1_7hr_M_1_020,AH1_7hr_M_2_061,AH1_7hr_M_3_120,AH1_7hr_M_4_047,AH1_7hr_M_5_050,AH1_12hr_M_1_029,AH1_12hr_M_2_036,AH1_12hr_M_3_085,AH1_12hr_M_4_108,AH1_12hr_M_5_066,AH1_18hr_M_1_025,AH1_18hr_M_2_077,AH1_18hr_M_3_113,AH1_18hr_M_4_040,AH1_18hr_M_5_064,AH1_24hr_M_1_017,AH1_24hr_M_2_092,AH1_24hr_M_3_063,AH1_24hr_M_4_112,AH1_24hr_M_5_057,691_0hr_M_1_062,691_0hr_M_2_015,691_0hr_M_3_095,691_0hr_M_4_032,691_0hr_M_5_058,691_3hr_M_1_023,691_3hr_M_2_021,691_3hr_M_3_118,691_3hr_M_4_034,691_3hr_M_5_065,691_7hr_M_1_016,691_7hr_M_2_055,691_7hr_M_3_078,691_7hr_M_4_026,691_7hr_M_5_102,691_12hr_M_1_052,691_12hr_M_2_008,691_12hr_M_3_005,691_12hr_M_4_072,691_12hr_M_5_105,691_18hr_M_1_042,691_18hr_M_2_096,691_18hr_M_3_053,691_18hr_M_4_009,691_18hr_M_5_079,691_24hr_M_1_104,691_24hr_M_2_071,691_24hr_M_3_033,691_24hr_M_4_024,691_24hr_M_5_048
"2,5-pyrazinediol (NIST)",Not Found,134434-28-9,23368901,17.017,17.129,17.087,17.405,17.236,15.943,16.700,16.528,16.527,16.624,17.294,17.328,18.052,17.710,17.787,17.621,18.074,17.585,17.322,17.653,17.759,17.648,17.845,18.190,18.296,15.747,12.957,12.350,16.138,16.491,17.834,17.605,17.571,17.575,18.190,16.190,16.530,16.490,17.341,16.937,16.814,17.493,17.522,17.556,17.037,18.121,17.539,18.096,18.641,18.407,17.399,17.586,18.008,17.827,17.572,15.272,16.060,12.407,16.044,,17.587,17.392,17.308,17.940,17.965,16.469,16.272,16.535,16.919,16.868,17.192,18.176,18.147,17.473,17.723,18.033,17.579,17.379,18.305,17.873,17.382,17.430,18.270,18.145,18.455,17.261,16.888,16.792,16.527,17.193,17.697,17.542,18.087,17.779,17.470,16.306,12.548,16.289,16.514,12.961,17.771,17.440,17.778,17.424,17.487,17.854,17.952,17.856,18.214,18.048,16.776,16.665,17.218,13.307,16.778,12.730,,12.508,12.155,15.709
3-phosphoglycerate,C00597,3443-58-1,724,16.285,17.109,18.286,16.161,19.109,17.514,16.902,16.847,18.219,15.276,19.233,18.513,18.833,16.575,17.473,18.621,16.782,17.283,18.177,18.154,17.558,18.829,19.061,16.198,16.150,15.049,15.182,16.101,15.789,15.037,19.274,18.142,18.529,18.418,18.790,15.930,18.121,16.850,17.221,18.133,18.683,17.894,18.675,17.840,16.997,18.593,18.171,17.191,16.735,16.779,15.817,15.418,17.632,18.031,16.291,14.644,,15.549,,,18.801,18.002,19.007,16.689,16.929,18.453,18.193,16.783,17.949,17.225,19.308,18.555,17.896,19.522,19.087,15.292,17.862,19.060,15.912,17.910,17.337,17.291,15.641,18.716,17.714,17.418,17.458,15.880,15.938,17.196,16.220,17.608,15.152,16.604,17.441,17.348,16.505,12.695,16.462,15.875,16.440,17.728,17.152,17.892,16.720,17.639,16.671,16.425,15.490,17.980,,,15.884,,16.134,,,,,
4-guanidinobutyric acid,C01035,13890-14-7,25200642,17.207,17.250,17.792,17.464,18.240,16.419,18.536,,17.072,16.654,17.143,17.148,18.300,16.887,,17.931,16.787,17.008,17.350,17.317,17.330,17.488,18.522,17.072,17.132,,,,,,18.706,18.440,18.791,17.944,18.926,16.530,17.848,16.739,18.496,16.998,16.736,17.479,17.311,17.122,16.326,16.809,18.662,16.699,17.368,17.269,16.990,16.840,17.489,18.324,,,,,,,18.680,17.934,19.130,16.957,18.042,17.425,16.769,16.925,17.848,17.126,17.500,16.279,17.231,18.480,17.842,18.019,18.036,18.623,16.704,17.530,16.638,16.904,17.634,17.741,17.618,17.119,17.652,,,17.251,17.813,18.121,17.764,18.369,18.809,16.914,,16.404,,,17.456,17.782,17.409,17.486,17.190,17.526,17.966,17.415,18.180,18.856,,,,,,,16.608,,16.060,
adenine,K00147,134434-49-4,190,19.707,19.671,19.248,19.911,18.808,19.284,19.991,19.711,18.509,20.419,18.347,19.467,18.955,20.326,20.586,19.019,19.566,19.602,19.210,19.734,20.092,19.398,18.276,19.845,20.005,20.610,20.768,20.465,20.566,20.957,19.616,19.424,19.503,19.425,19.025,20.131,18.897,20.764,18.387,20.073,19.181,19.573,19.573,19.863,20.299,19.280,18.926,19.477,19.641,19.598,20.804,20.807,20.075,19.303,20.853,20.930,21.378,19.559,19.647,19.525,18.853,19.137,18.641,19.618,19.488,18.580,19.401,20.707,19.256,19.468,18.346,19.142,19.367,18.737,18.479,18.956,19.235,18.104,19.874,19.164,19.818,19.932,20.392,19.958,20.509,19.457,19.484,20.771,20.841,19.769,19.417,19.479,20.401,19.719,19.307,19.663,20.200,20.776,20.180,20.653,20.097,19.748,20.338,19.477,20.218,19.634,19.517,19.491,19.672,19.111,20.473,20.986,20.264,21.139,21.734,20.931,18.840,19.362,20.130,19.934
adenosine,C00212,30143-02-3,60961,20.189,20.215,19.890,18.498,20.410,19.914,20.491,20.568,19.620,19.622,18.364,19.825,20.983,20.618,21.279,19.848,18.945,19.098,19.313,19.028,20.256,21.149,20.022,18.896,18.842,20.375,20.762,20.535,21.104,20.853,19.519,18.845,18.560,18.225,18.789,19.877,20.622,20.242,18.860,20.252,19.180,18.903,19.366,19.647,19.268,19.129,18.142,17.924,17.747,18.051,19.638,18.999,19.561,19.428,19.250,18.635,19.747,19.073,18.780,19.365,19.437,19.051,18.655,18.321,17.704,20.083,20.867,20.702,20.396,19.821,19.290,19.408,19.693,20.378,20.114,16.770,18.056,18.888,17.946,19.047,19.093,19.149,18.425,19.866,18.695,20.412,21.137,19.937,20.825,19.953,17.287,17.735,17.437,17.122,17.537,20.004,19.680,18.712,19.775,19.406,18.377,18.860,19.257,19.104,19.736,17.995,17.422,17.131,17.096,17.979,18.725,17.894,19.460,18.942,19.495,18.001,17.713,18.875,19.195,18.813
carbonate ion,C01353,144-55-8,22639876,23.715,23.094,23.357,21.529,22.666,22.924,22.585,22.050,23.623,22.427,24.022,24.276,22.859,23.000,22.783,23.412,20.923,20.852,23.637,23.059,22.931,22.775,21.625,20.995,21.480,22.486,22.346,22.206,23.061,22.901,22.728,21.564,21.914,21.355,22.974,22.661,22.683,22.013,22.721,24.218,23.115,23.492,23.241,23.225,21.555,22.011,21.678,21.499,21.061,21.216,22.401,22.450,22.701,22.455,21.910,22.190,21.939,22.657,22.624,22.596,23.443,22.663,21.812,21.010,21.165,22.271,22.183,22.213,22.479,22.871,24.155,24.066,23.578,23.918,24.307,21.095,21.689,21.535,20.734,23.101,21.651,21.255,21.800,21.969,23.242,23.429,24.531,22.636,23.569,22.557,21.985,21.795,21.568,21.615,22.270,22.530,22.201,22.233,22.708,22.551,21.834,23.584,23.699,23.322,22.168,23.068,22.750,22.590,23.040,23.039,22.994,22.418,23.197,22.463,22.227,22.680,22.678,22.395,22.809,23.188
citric acid,C00158,12262-73-6,19782904,20.527,20.764,20.893,20.673,21.014,19.627,20.295,20.060,20.059,20.018,20.843,21.019,21.574,20.945,21.283,21.106,20.672,20.646,20.780,20.868,20.808,20.879,21.400,20.769,20.753,20.829,20.627,21.403,20.204,20.656,21.693,21.441,21.567,21.243,21.384,19.751,20.090,20.330,20.883,20.624,20.538,20.816,21.049,20.907,22.532,21.329,21.342,21.023,21.066,20.979,20.570,21.019,21.632,21.552,21.022,20.814,20.406,20.012,20.589,20.044,21.294,20.944,21.389,20.913,20.893,20.032,19.982,20.150,20.592,20.280,20.868,20.948,20.775,21.119,21.128,20.539,21.135,21.282,20.740,20.927,21.019,20.924,20.900,21.696,21.716,21.066,21.355,21.091,20.719,20.684,21.183,21.290,20.867,21.197,21.523,19.933,20.023,19.818,20.368,19.911,20.717,20.893,20.883,20.936,20.768,21.369,21.246,20.974,21.074,21.690,20.364,20.328,21.047,20.570,20.375,21.556,20.763,20.559,19.948,20.006
D-fructose,C00095,57-48-7,439163,19.203,18.475,18.527,19.197,18.538,18.356,18.621,18.304,17.958,18.518,17.978,17.974,17.067,18.560,18.714,18.422,18.195,18.654,18.736,18.871,18.987,18.354,18.027,18.725,18.699,18.800,18.725,19.080,18.369,18.583,18.609,19.119,18.311,19.132,18.389,18.250,18.130,18.079,18.514,18.756,18.162,18.154,18.542,18.671,18.803,18.670,18.428,18.925,18.264,18.287,19.295,18.948,19.140,18.066,18.725,18.443,18.681,18.686,19.159,18.053,18.595,19.216,18.806,18.478,19.143,18.157,18.478,18.400,18.024,18.132,17.963,18.466,17.852,17.716,18.585,19.110,19.013,18.644,18.325,18.872,19.107,18.901,19.141,19.063,19.239,18.804,18.779,18.472,18.345,18.728,18.744,18.822,18.421,18.917,18.627,18.000,18.476,18.248,18.604,18.451,18.712,18.374,18.648,17.800,18.785,18.506,18.714,18.518,18.458,17.907,18.274,18.232,18.674,18.538,18.113,18.725,17.978,18.531,18.736,18.809
D-glucose,C00031,2280-44-6,5793,23.260,22.999,23.080,22.093,22.926,25.967,24.803,24.429,25.602,24.835,24.825,24.436,23.099,21.925,22.098,23.574,23.701,22.797,21.937,22.892,22.087,20.897,20.124,20.163,20.211,23.894,23.993,23.476,23.400,23.336,22.923,22.217,22.046,21.881,21.510,25.485,25.566,24.174,24.682,24.580,24.763,23.525,23.221,22.903,22.327,22.436,22.356,22.182,21.642,21.445,22.507,22.430,21.987,21.816,21.743,24.001,24.077,23.657,24.006,22.534,22.685,22.062,22.733,20.471,21.828,25.564,25.112,24.585,24.884,25.500,24.358,24.420,23.608,23.181,23.316,22.035,21.663,21.459,21.609,21.326,21.755,22.039,21.452,21.315,21.178,23.820,23.849,23.443,23.173,22.909,24.266,23.725,23.513,22.695,22.931,25.412,25.419,25.117,25.004,25.061,24.279,23.795,23.465,23.309,23.281,22.642,21.824,21.579,21.644,21.744,22.678,22.402,22.824,21.796,21.631,23.732,23.304,23.714,23.828,23.067
DL-isoleucine,C00407,24629-25-2,6306,19.979,19.855,19.826,19.784,19.620,20.336,18.571,19.366,19.840,19.952,20.267,20.101,19.434,18.725,18.362,20.550,19.823,20.369,20.351,20.385,20.060,18.736,20.184,19.885,19.809,18.397,18.506,18.804,19.111,18.428,19.934,19.120,19.684,19.738,19.841,19.899,19.945,19.235,17.982,19.236,19.860,18.958,19.925,20.006,20.029,20.756,20.780,19.631,19.758,20.813,19.239,19.384,19.026,18.599,18.735,19.115,18.732,18.734,19.170,18.725,20.091,19.468,20.350,18.935,19.948,20.065,19.212,19.500,19.522,19.840,20.632,20.556,19.924,20.563,20.614,19.496,20.877,20.977,20.021,20.369,19.289,19.064,19.400,17.865,18.154,18.641,18.973,17.654,17.847,18.362,19.552,19.422,19.916,19.506,19.785,19.757,19.791,19.116,19.427,19.567,19.687,20.016,19.247,19.780,18.661,20.529,20.456,20.142,19.391,20.653,18.133,18.199,18.820,18.371,18.006,18.839,18.097,18.688,18.190,18.223
D-malic acid,C00497,6283-27-8,92824,22.611,22.752,22.851,22.814,22.882,21.321,22.438,22.001,21.614,21.881,22.726,22.877,23.213,22.951,22.896,23.405,23.295,23.289,23.255,23.363,23.058,22.972,23.726,23.483,23.488,20.749,20.846,20.110,20.795,20.867,23.823,23.737,23.803,23.638,23.801,21.687,21.924,21.816,22.549,22.240,22.526,22.865,23.120,23.172,23.102,23.575,23.560,23.416,23.568,23.555,21.834,22.321,22.307,22.181,21.587,20.017,20.447,19.253,19.705,19.250,23.414,23.115,23.611,23.475,23.457,22.019,21.903,21.979,22.335,22.413,22.942,23.257,23.281,23.464,23.510,23.129,23.361,23.555,23.317,23.225,22.305,22.130,22.552,22.959,22.930,20.781,20.786,21.008,20.978,20.703,23.250,23.465,23.508,23.501,23.802,21.454,21.483,21.143,21.464,21.449,23.055,22.970,22.990,22.992,22.953,23.621,23.567,23.400,23.471,23.880,20.610,21.000,21.166,20.979,20.919,20.229,19.556,19.936,19.816,19.680
D-ribose-5-phosphate,C03736,3615-55-2,10897651,17.568,17.589,17.908,17.534,17.800,17.353,17.555,17.901,17.507,17.450,16.957,17.854,18.247,17.876,18.718,17.019,17.002,17.290,17.595,17.468,17.989,18.103,17.745,17.444,17.537,18.944,18.156,18.752,18.250,18.005,18.425,17.949,17.987,17.771,17.987,17.046,17.672,17.910,17.722,18.369,17.989,18.126,18.281,18.150,17.774,17.756,17.181,17.370,17.161,17.144,17.869,17.977,18.629,18.358,18.930,17.573,17.643,17.797,17.636,18.047,17.551,17.643,17.668,17.421,17.446,17.496,17.832,18.897,17.921,17.416,17.380,17.572,17.271,17.814,17.826,16.688,17.612,17.368,16.990,17.202,18.218,17.908,17.785,18.635,18.604,18.358,18.128,18.209,18.077,18.004,17.758,17.895,17.594,17.657,17.673,17.493,17.730,18.434,17.970,17.583,17.356,17.791,17.816,17.856,17.617,17.854,17.398,17.250,17.470,17.817,14.638,18.495,18.353,18.614,18.386,17.901,17.313,17.688,14.253,17.718
fumaric acid,C00122,110-16-7,21883788,19.490,19.543,19.492,19.535,19.414,18.071,19.118,18.828,18.436,18.942,19.306,19.505,19.829,19.642,19.574,20.169,20.133,19.815,19.769,19.898,19.680,19.494,20.119,19.993,20.059,18.383,18.489,18.040,18.351,18.616,20.294,20.162,20.172,20.046,20.170,18.616,18.697,18.969,19.577,19.046,18.924,19.326,19.514,19.566,19.320,20.025,20.021,19.917,20.078,20.093,19.114,19.532,19.307,19.135,18.882,18.202,18.592,17.950,18.008,17.995,19.917,19.638,20.012,19.973,19.969,18.700,18.552,18.948,19.183,19.058,19.454,19.795,19.910,19.930,19.915,19.706,19.809,19.939,19.952,19.696,19.041,18.885,19.517,19.473,19.524,18.485,18.366,18.561,18.437,18.356,19.982,20.066,20.314,19.967,20.197,18.458,18.621,18.685,18.709,18.709,19.679,19.653,19.604,19.438,19.508,20.136,20.100,19.849,20.079,20.338,18.586,18.866,18.749,18.689,18.765,18.121,18.428,18.213,18.232,18.444
gluconic acid,C00257,133-42-6,10690,13.752,,13.920,13.845,13.927,,13.572,,,,15.033,14.827,14.851,14.645,13.734,15.531,15.382,15.245,15.306,15.370,14.888,14.758,15.566,15.178,15.190,,,,,,14.592,14.581,14.564,14.518,14.716,,,,,,14.414,14.656,14.999,14.881,15.179,15.635,15.592,15.422,15.585,15.627,,13.773,13.581,,,,,,,,14.433,13.952,14.675,14.379,14.402,,13.074,11.882,,13.745,15.067,15.199,15.241,15.453,15.439,15.006,15.307,15.475,15.130,15.104,13.828,12.440,14.011,14.163,12.987,,,,,,14.116,14.297,14.284,14.287,14.487,,,,,,14.867,14.844,14.687,14.561,14.712,15.594,15.581,15.283,15.450,16.032,,,,,,,,,,
glycerol 3-phosphate,C03189,12040-65-2,754,20.213,20.302,20.461,20.394,20.489,19.194,19.970,19.665,19.170,19.358,20.019,20.247,20.145,20.016,19.845,20.561,20.620,20.716,20.684,20.778,20.636,20.547,21.142,20.890,20.838,18.369,18.378,17.883,18.856,18.725,21.149,21.132,21.097,21.036,20.996,19.205,19.146,19.153,19.332,19.468,19.901,20.195,20.334,20.425,20.185,21.035,20.725,20.731,20.950,20.958,19.617,20.095,20.413,20.142,19.811,17.990,18.290,17.844,17.904,17.604,20.944,20.519,20.991,20.994,21.041,19.458,19.604,19.414,19.439,19.982,20.402,20.690,20.701,20.893,20.944,20.486,20.900,21.199,20.710,20.848,19.994,20.072,20.324,20.866,20.757,19.750,19.217,19.083,19.274,19.405,20.629,20.765,20.708,20.800,20.999,18.535,18.309,17.623,18.469,18.388,19.952,19.998,19.794,19.964,19.968,20.843,20.761,20.418,20.608,21.060,18.049,18.356,18.627,18.760,18.685,17.397,17.524,17.366,17.558,17.439
glycine,C00037,112898-03-0,5257127,20.098,19.923,20.007,20.065,19.594,19.718,19.952,19.255,19.501,19.644,19.319,19.687,19.206,19.010,18.812,20.227,20.305,20.360,20.199,20.200,19.990,19.438,19.956,19.649,19.610,19.766,19.836,20.210,19.533,19.590,19.813,19.657,19.922,19.767,19.773,19.542,19.258,19.357,,19.141,19.454,19.268,19.503,19.661,19.917,20.424,20.458,20.452,20.422,20.808,19.747,19.602,19.214,19.100,19.325,20.232,19.668,19.409,19.974,19.472,20.229,19.801,20.249,20.399,20.369,19.758,19.088,19.416,18.975,19.781,19.889,19.856,20.083,19.984,20.171,20.709,20.884,21.009,20.684,20.431,19.186,18.899,19.670,18.484,18.725,19.542,19.766,19.358,19.320,18.945,19.585,19.554,20.072,19.641,19.888,19.424,19.704,19.255,19.426,19.450,19.697,19.627,19.290,19.215,19.380,20.203,20.180,19.978,19.720,20.313,18.723,18.898,19.117,18.966,18.835,20.572,19.522,21.173,18.328,19.035
hypotaurine,C00519,300-84-5,107812,18.809,18.725,18.762,18.611,18.906,16.998,17.807,17.376,16.665,19.008,18.160,18.333,17.665,17.879,17.441,18.866,19.092,18.725,18.808,18.830,18.267,19.630,18.262,17.703,17.507,18.734,,,14.239,14.580,19.324,18.670,18.960,19.229,18.984,16.913,17.324,16.792,16.199,17.029,17.814,18.335,18.549,18.754,18.555,19.263,19.226,19.261,19.383,19.343,16.062,17.067,16.939,16.562,16.420,13.718,14.256,15.908,15.394,,19.079,18.995,19.138,19.543,19.097,17.537,17.325,19.350,17.003,17.924,18.550,18.740,19.038,18.903,18.596,18.686,19.220,18.705,19.357,18.983,17.141,18.901,19.017,17.183,16.789,15.162,15.655,14.410,18.725,14.155,18.096,18.843,18.950,18.633,18.879,16.327,16.494,14.255,15.714,16.171,18.471,18.455,18.420,18.245,18.418,19.068,18.776,18.763,18.807,19.170,15.700,15.701,16.629,15.654,15.515,14.820,13.319,13.618,13.938,14.879
inosine,C00294,292853-81-7,6021,17.723,18.045,19.244,18.837,19.294,18.668,19.171,19.464,19.055,18.515,16.943,17.945,20.607,19.291,20.317,17.546,17.103,17.591,18.440,18.563,18.994,19.824,19.898,17.890,18.464,18.478,19.055,19.425,19.492,19.839,18.516,17.692,18.572,18.674,18.665,17.912,19.350,18.986,18.988,18.645,17.735,18.916,18.506,18.486,17.676,17.898,17.323,18.369,17.673,17.442,19.339,18.377,19.283,19.700,18.714,18.966,17.872,19.009,,18.424,18.114,17.470,18.407,18.381,18.444,19.551,19.700,19.636,19.666,18.543,17.334,17.628,17.159,18.625,18.725,15.904,18.199,18.035,17.025,18.090,18.517,18.073,16.914,19.571,18.694,19.104,19.173,18.887,19.401,19.671,16.549,18.633,18.453,17.509,17.684,19.048,18.821,17.412,19.048,18.992,17.708,17.222,17.651,18.299,18.422,17.399,18.192,16.337,17.782,17.479,18.355,17.943,18.774,17.925,19.329,17.995,15.030,18.164,19.152,18.518
L-(+) lactic acid,C00186,1715-99-7,107689,23.006,23.182,23.081,23.049,23.143,23.199,23.629,23.213,22.734,23.417,23.825,23.734,23.574,23.160,23.271,24.500,24.503,24.185,24.277,24.383,23.901,23.554,24.000,23.708,23.569,23.701,23.773,23.930,23.446,23.708,22.736,22.600,22.781,22.827,22.993,23.228,23.558,22.957,23.325,23.128,23.406,23.462,23.620,23.668,23.694,24.209,24.323,24.126,24.144,24.278,23.034,22.980,22.672,22.618,22.515,23.771,23.366,22.826,23.541,23.465,22.989,23.105,23.250,23.168,23.214,23.372,23.200,23.005,23.054,23.700,23.910,24.045,24.042,24.105,24.263,23.993,24.104,24.168,24.067,23.969,22.702,22.507,22.861,22.673,22.672,22.790,23.475,23.095,22.909,22.758,22.062,22.302,22.517,22.392,22.653,23.067,22.901,22.838,22.709,22.655,23.585,23.483,23.415,23.246,23.279,23.908,23.809,23.601,23.445,23.995,22.663,22.580,22.847,22.421,22.582,24.197,23.426,23.345,23.169,22.913
lactose,C01970,5965-66-2,6134,15.900,16.261,17.009,15.761,17.315,14.736,14.833,15.284,15.149,,16.554,16.155,16.694,14.943,16.113,16.974,15.438,15.663,16.243,16.162,15.659,16.099,16.986,15.451,15.250,,13.608,,,,18.124,17.580,17.851,17.621,17.937,13.651,15.748,14.823,15.882,15.698,16.072,15.970,16.584,15.987,14.833,17.251,17.574,16.511,16.135,15.883,14.792,14.561,16.661,16.515,15.501,,15.188,14.834,,,17.544,18.598,17.796,16.255,16.528,15.540,15.460,15.034,16.050,15.035,16.792,16.535,15.928,17.207,17.098,15.797,16.750,16.999,15.009,16.633,15.954,15.748,15.117,16.950,16.667,15.678,15.470,14.737,,15.389,16.997,17.494,15.716,17.094,17.992,15.241,14.979,,15.181,14.560,15.285,16.325,15.998,16.295,15.432,17.192,16.833,16.504,16.273,17.584,15.235,,15.676,14.908,,,,14.004,,13.681
L-alanine,C00041,115967-49-2,5950,20.814,21.106,21.192,21.486,21.036,21.271,20.567,20.683,20.522,21.444,21.281,22.138,17.165,20.991,19.572,22.233,21.621,22.750,22.747,22.347,21.987,21.039,22.464,21.558,22.082,20.881,21.076,20.938,19.123,21.083,21.313,21.038,21.860,21.386,20.924,20.825,18.795,20.666,20.783,20.280,21.167,21.052,21.823,21.932,22.239,22.798,22.796,21.486,21.863,22.866,20.429,21.303,20.037,20.937,19.991,19.491,19.222,17.495,20.035,17.505,22.144,21.246,21.715,20.951,21.714,21.243,20.410,21.460,17.101,20.802,22.586,22.334,21.636,22.880,22.578,21.710,23.343,23.387,22.188,22.408,21.001,20.555,20.163,20.584,19.031,21.330,19.689,20.838,20.891,20.854,21.058,21.121,21.422,21.651,22.090,20.137,20.109,19.035,19.701,20.730,21.643,22.107,20.216,21.790,20.324,22.977,22.502,22.787,21.501,23.195,20.803,20.910,20.694,19.219,17.857,21.038,17.847,17.774,17.688,18.165
L-aspartic acid,c00049,25608-40-6,44367445,20.239,20.183,20.322,20.356,20.164,19.139,19.665,19.550,,,19.530,19.789,,19.835,,20.276,20.106,20.031,19.998,20.059,19.809,19.628,20.341,20.230,20.191,,18.459,15.539,18.258,15.696,20.995,21.004,20.847,20.865,20.840,,12.346,,,,19.321,19.524,,19.841,19.588,20.423,20.459,20.304,20.489,20.542,,19.430,,,,,,17.145,,16.757,20.757,20.408,21.030,20.896,20.871,19.280,,19.382,19.526,20.020,20.117,20.298,20.371,20.443,20.564,20.530,20.655,20.698,20.643,20.476,,19.109,,,,13.135,,,,,20.639,20.777,21.032,20.700,20.915,,,18.828,,19.084,19.951,19.787,,19.618,,20.468,20.426,20.173,20.246,20.629,15.494,,,,15.937,,,,,15.692
L-cysteine,C00097,4371-52-2,5862,18.331,18.700,18.862,18.320,19.013,18.963,18.407,18.721,18.749,18.541,18.854,19.040,18.804,18.138,18.620,19.281,18.356,18.754,18.618,18.725,18.618,18.573,18.904,18.176,18.078,18.197,18.467,17.944,18.440,18.362,18.931,18.595,18.748,18.630,18.490,18.447,19.073,18.398,18.126,18.787,18.922,18.684,18.800,18.712,17.336,18.551,18.894,18.587,18.069,18.154,18.042,18.296,18.992,18.054,18.445,17.635,17.988,17.266,18.323,17.557,18.804,18.254,18.975,18.063,18.347,18.918,18.855,18.638,18.769,18.725,19.205,18.775,18.345,18.969,19.027,18.162,18.753,18.787,18.073,18.411,18.226,18.190,18.397,18.674,18.691,18.346,18.104,17.974,17.891,17.845,18.624,18.787,18.354,18.442,18.966,18.734,18.717,18.230,18.556,18.354,18.431,18.745,18.709,18.607,18.239,18.711,18.532,18.219,18.401,19.042,17.666,17.649,18.488,18.047,17.770,17.396,,17.338,17.365,16.895
L-glutamic acid,C00025,56-86-0,33032,22.431,22.457,22.679,22.589,22.611,21.094,21.751,21.361,20.547,21.221,21.665,21.755,21.623,21.596,21.553,22.386,22.171,22.108,22.121,22.264,22.112,22.136,22.630,22.593,22.489,19.564,19.900,19.416,20.111,20.111,23.386,23.482,23.234,23.316,23.397,20.928,21.068,20.730,21.024,21.332,21.641,21.923,22.198,22.130,21.325,23.019,22.883,22.773,23.016,22.888,21.526,21.722,21.938,21.257,21.103,19.768,19.963,19.213,18.669,19.569,22.950,22.825,23.334,23.152,23.254,21.194,21.219,20.972,21.261,22.074,22.259,22.582,22.620,22.803,22.984,22.713,22.908,22.902,22.744,22.884,22.051,21.980,22.323,22.662,22.629,20.556,20.619,20.697,20.524,20.299,23.057,23.238,23.099,23.057,23.341,20.556,20.367,20.248,20.407,20.292,22.002,21.959,21.995,21.897,21.757,22.935,23.028,22.595,22.749,23.067,19.927,20.013,20.627,20.118,19.917,19.312,18.556,19.681,19.272,17.587
L-glutamine,C00064,32640-56-5,5961,20.694,20.760,21.089,20.439,19.058,20.025,18.948,19.279,,18.141,19.169,20.558,,18.672,18.020,16.613,20.586,20.750,20.547,20.492,19.756,19.767,,19.958,19.810,15.773,14.174,,15.899,14.165,19.984,21.875,18.993,21.801,19.072,18.881,,17.259,,17.910,20.434,20.208,20.308,20.197,17.480,21.689,18.725,21.301,21.128,21.071,16.188,17.356,17.552,,15.605,14.491,,,12.911,,18.901,21.470,,21.344,21.600,,19.428,17.942,,20.501,20.558,21.335,21.190,17.982,21.244,20.713,21.538,,20.796,21.527,18.225,19.163,17.988,19.428,18.948,,,14.222,,,21.175,21.307,20.501,20.989,18.283,,17.306,16.246,16.532,17.556,20.091,20.124,19.660,19.582,19.146,21.418,21.268,20.828,20.643,,,,,,,,,,,11.734
L-lysine,C00047,20166-34-1,5962,17.947,17.996,17.958,17.907,17.567,19.122,18.860,18.553,16.846,18.766,18.062,18.352,,17.550,17.118,17.646,18.900,18.463,18.119,18.589,18.168,17.881,15.579,18.441,18.283,,,,17.634,17.601,17.479,18.138,,17.955,17.044,19.008,,,,,18.498,18.186,18.028,18.188,17.455,18.765,17.673,18.669,18.884,18.788,17.405,18.032,17.547,,,17.295,17.579,,,,16.993,17.592,16.912,18.012,18.225,15.387,18.573,18.371,,19.554,18.649,18.758,18.724,17.561,18.409,18.643,18.663,17.149,18.842,18.725,17.351,17.882,18.151,18.175,18.049,,,,17.400,,18.177,18.000,18.223,17.378,16.794,,,18.269,,17.822,18.419,17.927,17.792,17.575,17.837,18.725,18.660,18.121,18.498,17.282,,16.222,,15.653,15.550,17.405,,,,
L-methionine,C00073,24425-78-3,6137,,,,,,17.766,,,16.941,17.446,17.126,,16.997,,16.906,18.276,,,18.169,18.180,17.669,17.401,,,,16.584,,,14.801,16.250,,,,,,17.534,17.287,16.818,,17.030,17.791,17.572,17.707,,12.041,18.560,18.521,18.459,18.458,18.621,16.850,11.648,16.078,14.240,,,,15.073,15.739,,,,,,,,17.341,,,18.235,18.505,18.449,,18.437,18.556,18.621,18.731,18.725,18.608,18.668,16.349,,,16.371,16.506,15.357,15.861,,16.131,,,,,,,17.087,16.551,,16.642,,,15.993,17.437,17.350,17.464,18.305,,,,18.295,,14.970,,,,16.001,,,14.202,
L-ornithine,C00077,410523-46-5,6262,18.786,18.922,18.092,18.877,19.900,19.858,18.751,19.499,19.108,19.659,18.361,18.376,17.451,18.731,17.686,19.574,19.541,19.233,19.247,19.094,19.040,18.246,19.607,19.682,19.571,19.984,19.850,19.895,19.029,19.619,18.681,19.518,17.693,19.397,17.615,19.674,19.017,18.953,18.408,19.378,19.765,18.725,18.187,18.058,17.720,19.704,18.191,19.710,19.528,19.483,18.886,19.203,17.707,18.742,16.921,19.968,19.187,18.097,19.326,18.277,17.370,17.968,19.703,18.841,19.210,18.061,19.638,19.386,17.420,20.062,18.496,18.470,19.274,18.415,19.927,19.540,19.694,19.711,19.262,19.524,20.553,19.069,19.625,19.728,19.379,17.400,18.872,19.302,19.269,15.898,19.627,19.452,19.301,18.827,18.904,19.050,19.072,19.316,18.725,18.911,19.150,18.039,19.044,17.822,18.902,19.982,19.918,19.086,19.551,18.092,19.720,19.715,16.618,16.004,18.086,20.422,19.984,19.416,19.153,19.048
L-phenylalanine,C00079,149597-92-2,6140,18.977,18.806,18.897,18.872,18.852,19.094,18.998,18.646,18.380,18.781,19.181,19.125,18.349,18.413,18.316,19.485,19.621,19.391,19.326,19.449,19.086,18.788,19.053,18.990,18.850,17.901,18.035,17.543,17.999,18.130,18.744,18.781,18.427,18.776,18.700,18.906,18.738,18.065,17.710,18.232,19.015,18.942,19.041,19.115,18.742,19.796,19.664,19.621,19.692,19.804,18.073,18.444,18.022,16.922,17.584,17.859,18.179,17.256,17.724,17.401,18.959,18.725,19.249,19.073,19.174,18.684,18.646,18.353,18.225,19.450,19.565,19.608,19.595,19.503,19.635,19.713,19.845,19.845,19.828,19.803,18.160,18.151,18.410,18.141,18.032,17.300,17.668,17.592,17.508,16.928,18.706,18.632,18.753,18.304,18.587,18.486,18.278,18.275,17.999,18.155,19.234,18.967,18.807,18.725,18.789,19.527,19.452,19.116,19.155,19.540,17.171,17.405,17.730,17.297,17.278,17.661,,17.456,17.139,14.374
L-pyroglutamic acid,C01879,149-87-1,7405,18.848,23.982,23.953,24.047,23.973,23.126,23.603,23.311,23.264,23.487,23.408,23.577,23.878,23.709,23.563,24.152,24.064,23.989,23.868,23.989,23.900,23.513,24.403,24.104,24.127,22.856,23.051,22.726,22.769,22.923,24.701,24.433,24.698,24.448,24.599,23.307,23.534,23.420,23.572,23.303,23.249,23.529,23.699,23.876,23.828,24.289,24.293,24.143,24.311,24.364,23.469,24.096,23.559,23.469,23.069,23.079,23.511,22.524,22.658,22.424,24.460,24.002,24.643,24.547,24.452,23.525,23.203,23.379,23.638,23.759,23.781,23.960,24.133,24.146,24.059,24.158,24.331,24.584,24.452,24.071,23.627,23.409,23.975,23.962,23.983,23.008,23.194,23.275,23.132,22.809,24.175,24.357,24.875,24.427,24.695,23.265,23.137,23.014,23.028,23.194,23.870,23.643,23.732,23.582,23.879,24.376,24.168,24.175,24.216,24.667,22.686,23.138,22.877,22.994,23.179,22.986,22.214,22.773,22.412,22.455
L-serine,C00065,302-84-1,5951,20.775,20.698,20.837,20.705,20.759,20.209,19.875,19.837,19.940,20.345,20.302,20.447,20.352,19.943,19.949,20.964,20.025,20.808,20.721,20.820,20.380,19.957,20.645,20.316,20.229,20.288,20.020,20.700,19.877,19.956,20.945,20.773,20.722,20.879,20.895,19.811,20.077,19.795,19.755,19.932,20.414,19.496,20.581,20.666,20.479,21.306,21.358,21.042,20.027,21.335,19.981,19.928,19.513,19.371,19.157,20.623,19.986,19.531,20.184,19.747,21.046,20.500,21.414,20.718,20.857,20.170,19.940,20.021,19.938,20.433,20.923,21.018,21.042,21.208,21.323,21.206,21.473,21.551,21.303,21.293,19.769,19.516,20.032,19.597,19.527,18.849,20.344,17.940,18.918,19.143,20.503,20.556,20.733,20.477,20.766,20.053,19.972,19.612,19.781,19.827,20.148,20.462,20.380,20.340,20.017,21.071,21.020,20.723,19.835,21.215,19.059,19.129,19.577,19.163,19.318,21.140,19.875,20.444,19.248,19.255
L-threonine,C00188,13095-55-1,6288,20.848,20.784,20.905,20.812,20.840,20.540,20.276,20.124,20.101,20.410,20.767,20.773,20.481,20.220,20.141,21.266,20.872,21.084,21.020,21.112,20.766,20.489,21.141,20.827,20.715,19.424,19.477,19.363,19.460,19.463,21.238,21.140,20.996,21.183,21.171,20.207,20.406,19.700,20.005,20.001,20.641,20.460,20.845,20.939,20.745,21.614,21.600,21.404,21.180,21.620,19.811,20.079,19.741,19.405,19.243,19.566,19.545,18.900,19.529,19.097,21.228,20.822,21.555,21.183,21.238,20.488,20.255,19.997,20.143,20.937,21.260,21.333,21.357,21.468,21.581,21.498,21.660,21.757,21.583,21.522,20.047,19.884,20.222,20.020,19.859,18.979,19.570,18.531,18.872,18.745,20.843,20.947,21.070,20.804,21.086,20.139,20.035,19.764,19.776,19.884,20.735,20.786,20.707,20.661,20.492,21.460,21.372,21.111,20.783,21.600,18.864,18.951,19.433,18.860,18.768,19.527,18.697,19.356,19.050,18.597
L-tryptophan,C00078,73-22-3,6305,16.874,20.650,17.483,17.231,17.828,16.864,16.198,16.943,20.270,16.502,17.854,17.608,18.470,17.007,17.054,18.277,15.943,17.467,17.699,17.673,19.954,17.658,18.235,17.422,16.105,16.321,16.684,16.650,16.924,17.218,17.878,16.936,17.870,17.462,17.877,19.508,17.470,20.290,20.729,16.339,17.443,17.250,17.711,17.196,16.182,18.266,18.507,17.190,17.714,17.489,16.991,16.159,17.000,20.660,20.694,20.469,16.721,17.067,,20.757,18.069,17.467,18.170,17.387,17.414,15.915,15.855,16.970,16.982,16.857,18.001,17.621,17.365,18.401,18.199,17.649,17.994,18.691,17.467,17.996,19.377,17.065,16.348,17.587,20.667,17.024,16.707,16.492,16.664,21.021,16.917,17.343,17.129,17.161,17.748,19.941,20.125,16.779,20.542,20.628,17.137,17.358,16.997,20.138,16.647,18.112,17.535,17.390,17.305,18.490,20.951,20.760,16.694,21.041,20.787,20.755,20.453,20.600,21.061,17.608
L-tyrosine,C00082,55520-40-6,6057,18.864,18.769,18.783,18.876,18.321,18.854,18.910,18.544,,18.536,18.812,19.022,,18.327,17.566,18.736,19.955,19.591,19.379,19.630,19.312,19.074,16.331,19.734,19.544,17.270,17.100,16.208,17.124,17.185,18.259,19.219,17.476,19.133,18.098,18.763,16.387,17.280,,17.385,18.849,19.036,18.993,19.149,18.271,20.106,19.113,20.029,20.275,20.228,17.468,18.305,17.631,,16.614,,17.340,,,,18.058,18.758,18.032,19.507,19.552,16.570,18.355,17.818,,19.605,19.276,19.752,19.892,18.841,19.546,20.016,20.094,18.589,20.257,20.180,17.839,18.319,18.545,18.543,18.251,,,16.697,16.746,,18.794,18.696,18.972,18.200,17.477,16.683,17.061,17.336,16.306,17.365,19.263,18.721,18.347,18.313,18.665,19.925,19.909,19.445,19.711,18.561,,,15.910,,14.065,16.446,,,,
L-valine,C00183,146548-59-6,6287,20.176,20.038,19.974,20.085,19.774,20.579,19.242,19.823,20.095,20.234,20.400,20.343,19.476,19.363,19.096,20.710,20.584,20.662,20.592,20.667,20.355,19.432,20.489,20.241,20.170,19.259,19.479,19.253,19.416,19.227,20.097,19.888,19.951,20.034,20.019,20.249,20.026,19.572,17.578,19.431,19.984,19.716,20.120,20.216,20.260,21.001,21.004,20.477,20.409,21.076,19.570,19.767,19.372,18.973,19.057,19.589,19.433,19.075,19.184,19.166,20.285,19.876,20.339,19.938,20.384,20.311,19.756,19.810,19.543,20.501,20.859,20.761,20.438,20.770,20.768,20.613,21.131,21.190,20.866,20.881,19.655,19.373,19.751,18.740,18.799,19.009,19.376,18.816,18.830,18.761,19.906,19.715,20.120,19.764,19.985,20.054,20.102,19.722,19.744,19.854,20.318,20.178,19.776,19.979,19.665,20.815,20.728,20.447,20.210,20.881,18.405,18.735,18.963,18.739,18.512,19.395,18.580,19.062,18.270,18.670
methyl phosphate (NIST),Not Found,812-00-0,12691389,17.503,17.554,17.407,16.835,17.566,16.673,17.966,17.656,16.769,17.550,16.812,17.343,17.569,17.413,17.191,17.789,17.396,16.436,16.576,16.767,16.865,17.023,17.031,16.752,16.727,17.358,17.792,17.376,17.471,18.060,17.337,17.292,17.015,16.994,17.190,17.182,18.095,17.665,18.083,18.205,16.004,16.622,16.745,16.273,15.948,16.829,16.540,16.603,16.538,16.238,17.394,17.417,17.608,17.400,17.364,16.502,16.981,,,16.392,17.237,17.080,17.069,16.887,16.929,16.746,17.036,17.591,17.875,17.328,16.645,17.128,17.244,17.559,17.082,15.826,15.973,16.392,16.512,16.554,16.657,16.863,17.354,17.317,17.331,17.484,17.725,17.573,17.683,17.025,17.185,17.178,17.070,16.830,17.014,17.578,17.852,17.622,18.098,17.824,16.940,16.916,16.965,16.542,17.034,16.798,16.671,16.234,16.690,16.602,16.102,16.723,17.516,17.165,16.654,16.006,,,16.664,
myo-inositol,C00137,53319-35-0,892,23.185,23.204,23.282,23.339,23.282,21.672,22.448,22.138,21.541,22.046,23.116,23.105,23.239,22.844,22.874,23.787,23.669,23.656,23.599,23.594,23.194,22.991,23.790,23.361,23.255,20.496,20.770,20.434,21.101,21.058,23.892,23.781,23.778,23.833,23.868,21.654,21.943,21.445,22.259,21.789,22.724,22.995,23.292,23.359,23.268,24.029,24.026,23.856,24.038,24.044,21.939,22.271,22.123,21.767,21.366,20.323,20.707,19.863,20.593,20.160,23.788,23.359,23.988,23.884,23.863,22.162,21.935,21.759,22.081,22.542,23.355,23.511,23.627,23.771,23.812,23.822,24.012,24.212,23.930,23.862,22.460,22.167,22.583,22.521,22.362,20.560,21.371,20.810,20.653,20.765,23.467,23.572,23.637,23.611,23.868,21.472,21.288,20.855,21.081,21.072,23.347,23.318,23.217,23.261,23.078,23.944,23.861,23.738,23.644,24.234,20.797,21.002,21.612,20.892,20.672,20.169,19.982,20.506,20.511,20.012
myristic acid,C06424,32112-52-0,11005,23.629,23.650,24.036,23.860,23.948,22.268,23.063,23.356,23.439,23.479,21.208,22.331,24.099,23.087,24.121,21.779,22.117,21.797,22.943,21.788,22.614,22.030,22.174,22.324,22.569,24.461,24.192,23.881,24.646,24.098,23.662,22.563,22.809,21.898,22.653,22.210,23.227,23.104,23.773,23.694,22.627,22.975,23.186,22.969,23.400,21.622,21.732,21.590,21.468,21.838,23.735,23.923,23.674,23.656,23.406,23.140,23.535,23.369,24.093,23.915,24.293,23.572,23.591,23.499,23.350,23.324,22.587,23.948,23.669,22.362,21.346,21.524,21.735,21.896,22.198,22.194,22.578,21.660,21.654,21.507,22.414,22.377,23.367,22.856,23.304,24.573,24.587,23.799,24.360,23.919,22.917,22.574,22.891,22.658,22.802,22.830,22.927,23.256,23.426,23.243,22.604,22.808,23.033,23.035,23.327,21.426,21.019,21.259,21.651,21.375,23.751,23.913,24.056,23.773,23.411,23.683,23.572,23.381,24.037,24.429
oleic acid,C00712,112-80-1,445639,17.890,17.882,18.347,18.234,18.563,17.499,18.251,18.477,17.411,18.408,17.497,17.963,18.365,18.696,18.960,17.805,17.802,16.858,17.810,17.807,16.771,18.044,17.258,17.973,17.921,18.736,18.980,18.420,18.806,18.895,18.673,17.305,18.291,17.646,18.808,17.899,18.618,18.272,18.137,18.513,17.887,18.104,18.524,18.106,17.991,17.496,16.863,18.025,16.055,17.199,18.839,18.731,18.711,18.396,18.413,18.372,18.563,19.084,18.725,18.481,18.230,18.225,17.862,17.948,18.139,17.955,17.943,18.705,18.216,17.780,17.532,17.298,17.325,16.901,17.051,17.489,17.934,17.175,17.580,16.888,18.326,18.098,18.878,18.616,18.802,18.882,18.470,18.747,18.787,18.046,18.061,18.058,18.348,17.579,18.125,18.027,17.887,18.466,17.237,18.514,18.032,17.155,17.874,18.137,18.436,17.277,17.257,17.110,18.007,17.385,18.860,18.396,18.702,18.526,18.525,18.303,17.958,17.065,18.511,19.570
palmitic acid,C00249,408-35-5,985,21.332,21.481,21.746,21.712,21.619,20.048,20.911,21.130,20.955,21.229,19.193,20.229,21.937,21.194,21.940,19.718,19.985,19.686,20.442,19.679,20.565,19.868,19.916,20.076,20.383,22.188,21.968,21.773,22.362,22.079,21.222,20.061,20.459,19.843,20.620,20.142,21.100,20.991,21.626,21.316,20.310,20.642,21.081,20.763,21.340,19.423,19.518,19.533,19.540,19.528,21.667,21.484,21.115,21.350,21.333,21.315,21.483,21.373,21.874,21.726,22.085,21.510,20.966,21.295,20.899,20.880,20.461,21.710,21.345,20.137,19.057,19.303,19.534,19.797,20.022,20.018,20.268,19.417,19.627,19.382,20.331,20.025,21.082,20.459,21.200,21.956,22.183,21.604,22.077,21.745,20.501,20.092,20.554,20.187,20.514,20.644,20.959,21.250,21.164,21.233,20.558,20.550,20.939,20.772,21.328,19.424,19.311,19.250,19.708,19.596,21.760,21.649,21.804,21.680,21.551,21.645,21.602,21.431,21.863,22.419
pantothenic acid,C00864,79-83-4,6613,14.696,14.820,14.878,14.713,14.973,14.395,14.673,13.672,14.351,14.587,14.227,15.068,15.166,14.752,14.846,15.445,15.291,15.195,15.183,15.345,15.234,15.217,15.771,15.495,15.486,14.377,,,13.810,,15.600,15.565,15.570,15.337,15.558,14.700,14.724,14.432,,,14.733,14.891,14.971,14.841,14.889,15.769,15.645,15.593,15.670,15.714,14.921,15.225,15.100,14.532,,,,,13.384,14.220,15.437,14.992,15.539,15.319,15.380,14.751,14.521,,14.768,15.077,15.503,15.502,15.364,15.456,15.561,15.156,15.558,15.554,15.282,15.511,14.994,14.787,15.204,,15.554,14.822,14.610,14.604,,,15.225,15.443,15.384,,15.522,14.449,14.583,,14.006,,15.097,14.929,14.457,14.838,14.904,15.769,15.620,15.313,15.481,15.939,,,,,,,,13.578,,
phosphoric acid,C00009,1339-32-8,1004,26.153,26.118,26.023,26.153,24.745,25.076,25.585,25.710,25.837,26.193,23.755,25.326,26.890,26.540,26.874,25.988,24.846,25.982,25.866,26.192,26.250,25.876,25.959,26.086,26.188,26.257,26.459,26.066,26.358,26.576,26.226,25.916,26.216,25.846,25.919,25.595,25.382,26.219,25.323,27.133,23.936,24.950,25.174,26.385,26.288,24.468,25.517,25.727,24.497,25.711,26.782,26.964,26.476,26.196,26.387,26.359,26.474,25.867,26.399,25.944,25.953,25.703,25.615,25.874,24.489,25.154,25.301,26.230,25.577,25.103,22.930,23.146,23.103,23.230,23.356,25.616,25.628,25.522,25.873,25.424,26.255,26.141,26.643,26.372,26.801,26.102,25.950,26.442,26.391,25.801,26.308,26.095,26.602,26.095,26.139,25.339,25.908,26.232,26.036,26.270,25.407,26.319,26.865,26.331,26.430,25.960,25.769,25.720,25.851,25.714,26.575,26.888,26.581,26.681,26.788,26.316,25.187,25.606,25.604,26.313
putrescine,C00134,110-60-1,1045,18.077,18.113,18.046,18.217,18.220,17.884,18.808,17.706,17.934,18.897,19.116,19.714,20.198,19.645,19.872,19.906,19.928,20.078,19.886,19.930,18.314,18.132,18.651,18.360,18.188,17.685,17.773,17.332,17.179,17.697,18.483,18.358,18.342,18.310,18.371,18.725,18.498,18.152,18.945,18.104,19.225,19.445,19.856,19.758,20.288,20.158,20.228,20.043,20.145,20.282,18.173,18.690,18.416,18.344,18.050,17.514,18.380,18.105,17.959,18.163,18.103,17.934,18.423,18.173,18.742,18.304,17.985,18.038,18.373,18.658,19.329,19.403,19.500,19.654,19.713,20.088,20.416,20.521,20.282,20.032,18.779,18.770,19.077,18.734,18.673,19.610,17.608,17.726,17.384,19.116,18.149,18.311,18.697,18.185,18.603,18.086,18.076,18.797,17.710,18.216,19.947,19.987,19.883,19.828,19.674,20.148,20.089,19.938,19.906,20.422,18.179,17.893,18.458,17.712,16.006,18.284,17.827,18.145,18.136,17.992
pyruvic acid,C00022,113-24-6,1060,17.534,,,,,,,,,16.120,18.768,17.674,,,,,,17.266,16.944,,,,,,,,,,,,,,16.371,,16.175,,,,16.101,,,,,,,,,,15.905,16.810,,,,15.771,,,,,,,16.301,,,,,,,,15.722,,18.586,17.443,,17.151,,,16.120,17.087,15.934,,,,,,16.086,,,,,,,,,,,,15.500,,,,15.836,16.072,,,,,16.200,,,,,,15.355,,,,,,,
scyllo-inositol (NIST),not found,173524-45-3,892,18.050,18.128,18.013,18.163,18.036,20.039,18.919,18.827,19.614,17.997,18.810,18.409,17.983,17.489,17.688,18.073,18.189,17.733,17.992,17.995,17.704,17.694,18.117,17.904,17.967,19.026,19.325,18.651,18.513,18.149,18.670,18.462,18.584,18.578,18.725,19.705,19.838,18.857,18.055,17.184,17.886,16.933,18.012,17.922,18.033,18.291,18.280,18.089,18.338,18.492,17.028,17.345,17.324,17.517,14.106,19.071,19.485,18.648,18.626,14.284,18.425,17.590,18.469,18.625,18.519,19.324,19.239,17.626,17.235,19.784,18.860,16.873,18.087,18.082,18.161,18.205,18.247,18.450,18.200,18.170,17.336,13.969,17.617,17.453,17.464,18.379,18.325,18.881,18.120,17.613,18.353,18.399,18.538,18.494,18.632,19.704,19.538,19.682,18.811,19.681,18.147,18.217,18.084,17.927,18.107,18.314,18.157,18.167,18.075,18.557,17.448,17.797,16.902,,17.154,18.852,17.892,18.144,18.684,18.427
stearic acid,C01530,126539-56-8,5281,21.419,21.936,22.101,21.955,21.977,20.232,21.152,21.525,21.194,21.501,19.134,20.409,22.127,21.412,22.153,19.994,20.363,19.782,20.594,20.056,20.749,20.110,20.151,20.314,20.524,22.435,22.282,21.970,22.716,22.307,21.539,20.273,20.630,20.036,20.916,20.313,21.316,21.132,21.680,21.512,20.597,21.002,21.401,20.962,21.499,19.688,19.692,19.876,19.856,19.899,21.810,21.651,21.430,21.566,21.571,21.387,21.653,21.504,21.903,21.821,22.591,21.795,20.835,21.456,21.133,21.170,20.735,22.100,21.639,20.605,19.215,19.607,19.829,19.993,20.308,20.237,20.283,19.499,19.731,19.684,20.427,20.249,21.284,20.668,21.441,22.049,22.352,21.850,22.346,21.920,20.781,20.247,20.713,20.189,20.567,20.831,21.011,21.590,21.419,21.546,20.876,20.740,21.191,21.014,21.652,19.764,19.602,19.508,19.944,19.827,21.857,21.774,22.054,21.954,21.737,21.781,21.470,21.535,21.978,22.631
succinic acid,C00042,110-15-6,1110,20.226,20.058,20.174,20.160,20.084,19.766,18.487,19.834,19.836,19.881,19.394,19.946,20.420,19.589,19.555,20.266,20.295,19.973,20.281,20.291,18.459,19.614,20.093,20.012,20.001,20.375,20.437,20.265,19.931,20.018,20.273,20.121,20.194,20.342,20.559,19.530,19.729,19.839,20.959,19.772,19.605,19.562,19.824,16.754,19.975,20.455,20.322,20.066,20.682,20.715,20.067,20.073,19.578,19.890,19.615,20.385,20.050,19.828,20.352,19.974,20.370,20.035,20.370,20.446,20.317,20.148,19.430,19.938,19.937,19.864,19.770,19.559,20.164,20.079,20.220,20.734,20.868,20.795,20.784,20.358,19.516,19.085,19.868,19.479,19.631,20.018,20.393,19.973,19.928,19.830,19.910,20.098,20.461,20.338,20.455,19.797,20.065,19.968,19.984,19.942,19.918,19.982,19.969,19.688,19.885,20.344,20.079,20.221,19.941,20.473,19.878,19.772,19.811,19.909,19.810,20.583,20.657,21.095,19.953,20.357
thymine,C00178,2792-47-4,1135,14.495,14.655,14.339,14.760,14.021,14.259,15.126,14.945,14.705,15.807,13.197,14.477,15.057,15.435,15.953,13.527,14.186,14.556,14.308,14.249,15.013,15.115,13.965,14.746,14.945,15.977,16.174,15.842,15.886,16.316,14.837,14.270,14.790,14.394,14.236,15.152,14.876,15.573,14.210,15.375,13.963,14.682,14.657,14.855,14.382,14.053,13.808,14.176,14.367,14.333,15.558,15.975,15.001,15.177,15.770,16.363,16.428,15.744,15.517,15.774,14.154,14.097,13.856,14.578,14.418,14.365,14.586,15.911,15.045,14.348,12.903,13.713,14.895,13.143,13.634,14.358,14.269,13.625,14.758,13.723,14.856,15.014,15.569,14.940,15.432,15.375,15.158,15.701,15.982,15.138,14.494,14.603,15.040,14.837,14.595,14.985,15.725,16.155,15.525,15.755,15.145,14.234,15.365,14.633,15.305,14.529,14.305,14.366,14.768,14.387,15.909,16.231,15.710,16.118,16.405,16.324,14.943,15.785,15.647,16.366
uracil,C00106,103204-67-7,1174,19.327,19.172,18.649,19.451,17.965,18.608,19.380,19.476,18.388,20.240,16.904,18.941,18.473,19.812,20.392,17.505,18.891,19.028,18.685,19.078,19.452,18.253,17.036,19.085,19.217,20.537,20.765,20.137,20.412,20.560,18.519,18.666,18.629,18.583,17.925,19.541,18.790,20.227,,19.640,18.156,19.065,18.775,19.197,19.495,18.271,17.391,18.825,18.735,18.712,20.375,20.440,19.546,18.708,20.145,20.774,20.766,19.981,20.809,20.085,18.022,18.364,,18.928,18.739,18.311,18.805,20.352,18.811,18.620,16.989,18.133,18.109,16.939,17.632,19.008,18.719,,19.074,18.323,19.500,19.387,20.063,19.105,19.983,19.774,19.086,20.535,20.394,19.094,19.044,18.754,19.883,19.099,18.369,18.979,20.027,20.735,19.911,20.367,19.485,18.992,19.999,18.920,19.673,18.664,18.826,18.687,19.237,,20.419,20.770,19.808,20.629,20.861,20.786,18.860,20.013,19.538,20.748
α-ketoglutaric acid,C00026,17091-15-5,51,19.669,19.720,19.935,19.717,19.980,18.799,19.361,18.807,18.905,18.870,19.490,19.601,20.319,19.622,20.001,20.342,19.643,19.627,19.823,19.851,19.394,19.794,20.486,19.699,19.728,17.525,17.777,17.340,18.709,18.043,20.860,20.751,20.904,20.576,20.798,18.618,19.473,18.624,19.563,19.303,19.350,19.417,19.672,19.486,19.438,20.426,20.782,20.371,20.242,20.254,18.334,19.576,19.937,19.820,19.181,18.188,14.371,17.083,17.467,,20.402,20.105,20.827,20.260,20.170,19.018,19.162,19.168,19.679,19.110,19.483,19.688,19.688,20.071,20.238,19.671,20.348,20.561,19.972,20.079,19.520,19.073,19.755,20.161,20.146,19.277,18.278,19.444,18.226,19.193,20.146,20.725,20.155,20.473,20.939,19.119,18.820,18.060,18.956,19.132,19.666,19.688,19.828,19.731,19.753,20.443,20.370,20.143,20.195,20.945,18.045,18.019,18.537,18.361,18.175,17.510,,17.746,18.393,
Unknown 01,,,,17.670,18.635,19.407,18.610,20.013,18.813,19.316,18.911,20.000,19.027,18.919,18.971,21.266,18.967,20.500,19.912,17.413,15.727,18.714,18.549,18.725,19.966,19.966,18.011,17.874,20.207,20.743,20.577,19.728,20.257,20.554,19.231,20.027,19.370,19.062,18.923,21.072,19.906,21.586,20.737,19.346,18.983,19.817,18.738,19.166,18.319,20.046,18.833,17.631,17.655,19.838,18.725,20.160,20.919,20.222,19.762,20.120,21.134,20.543,21.139,19.624,19.167,19.995,18.164,17.961,20.263,19.783,20.234,21.334,17.344,18.407,17.132,16.859,19.287,18.969,18.726,18.863,19.139,17.528,18.231,19.971,19.213,19.523,20.177,19.909,20.548,21.289,20.518,20.160,20.957,18.970,19.769,18.240,18.932,20.252,20.742,20.125,20.283,20.554,19.724,18.957,19.208,20.322,19.947,19.204,18.992,18.896,18.365,18.616,19.887,21.384,19.593,21.252,20.220,20.513,20.003,21.594,21.456,21.977,21.977
Unknown 02,,,,21.243,21.231,21.810,20.741,21.826,20.025,19.494,20.658,18.828,20.236,19.563,21.205,21.239,20.468,20.814,20.622,20.716,20.417,21.346,20.887,21.230,21.231,21.470,21.075,20.958,20.288,20.474,19.645,20.575,20.459,22.719,22.002,22.966,22.549,22.756,19.295,19.885,20.483,20.098,19.093,20.177,20.286,21.758,20.991,19.966,22.081,21.909,21.923,21.849,21.429,20.508,21.896,22.297,21.109,21.190,19.861,20.614,20.165,20.832,20.446,21.778,21.825,22.046,21.563,21.469,19.827,19.938,20.548,20.215,20.277,20.532,20.482,20.590,20.464,19.711,20.463,21.972,21.399,21.498,21.483,21.535,21.320,21.455,22.425,22.322,22.014,20.504,21.421,20.389,21.324,21.873,22.544,22.579,22.697,22.975,19.656,19.825,19.832,20.235,20.086,20.841,21.624,20.731,21.042,19.078,22.427,21.937,22.146,22.436,21.910,20.950,21.315,21.379,21.123,20.929,19.638,19.910,20.120,20.349,20.979
Unknown 03,,,,17.835,17.457,17.797,17.636,17.874,17.355,16.987,17.512,18.134,17.837,15.981,18.120,18.646,17.896,18.259,17.712,17.097,17.527,17.811,17.569,17.755,17.617,17.904,17.515,17.670,18.215,18.213,18.387,18.275,18.384,18.505,17.621,18.702,17.945,18.485,17.324,18.453,18.113,18.596,18.401,17.501,17.478,17.978,17.715,18.069,17.625,17.836,17.146,17.091,17.582,18.814,18.651,18.739,18.969,19.064,18.155,18.178,18.904,18.565,19.187,18.047,17.438,17.762,17.016,17.450,17.938,17.286,18.395,18.725,16.476,17.057,17.086,17.103,17.238,17.101,17.457,17.938,17.700,17.370,17.075,18.452,17.768,18.695,18.368,18.644,19.051,18.745,18.601,18.383,19.092,17.840,18.148,18.282,18.492,18.641,18.136,18.660,18.012,18.655,18.140,17.613,18.408,18.251,17.976,17.294,17.960,17.697,17.897,17.753,18.187,18.966,18.331,18.983,18.545,18.548,18.336,19.123,18.975,18.922,19.691
Unknown 04,,,,15.518,15.426,15.186,15.561,14.672,14.728,15.461,15.355,14.893,15.634,13.907,15.496,15.831,16.045,16.257,15.162,15.659,15.571,15.418,15.730,15.974,15.355,14.969,16.052,16.180,15.686,15.938,15.495,15.694,15.971,15.640,15.577,15.506,15.531,15.131,15.347,15.144,16.073,15.823,15.744,15.038,15.401,15.712,15.894,15.843,15.338,14.897,15.703,16.611,15.918,16.383,16.556,15.942,15.741,16.241,15.741,16.343,15.560,15.748,15.855,14.852,14.859,14.650,15.662,15.402,15.043,14.939,15.941,15.789,15.089,14.189,15.136,15.543,14.666,14.919,15.856,15.664,15.203,16.994,15.198,15.813,15.757,16.710,15.851,16.446,15.813,15.740,16.011,15.601,15.579,15.607,15.548,16.553,15.836,15.500,15.161,15.681,15.825,15.752,15.831,15.997,15.705,16.116,15.563,15.867,15.675,15.861,15.586,16.090,15.202,16.007,16.286,15.892,16.247,16.457,15.741,15.753,15.839,15.588,16.087
Unknown 05,,,,17.753,17.681,17.632,17.831,17.368,17.422,17.855,17.724,17.443,18.377,16.527,17.769,17.383,18.345,18.732,17.250,17.366,17.607,18.663,17.864,18.069,17.234,17.357,18.497,17.830,18.696,19.063,18.784,19.006,18.996,17.882,17.731,18.246,17.667,17.847,18.138,18.164,18.558,17.866,18.340,17.460,17.644,17.695,17.793,18.137,17.536,17.288,17.548,17.489,17.590,18.725,18.750,18.260,18.360,18.451,18.934,18.917,18.770,19.401,18.104,17.716,17.458,17.239,17.534,18.711,17.854,17.616,18.725,18.306,17.356,16.426,17.068,17.108,16.655,16.951,17.498,17.528,17.273,17.897,17.149,17.998,17.830,18.389,18.003,18.423,18.843,18.644,18.898,18.787,18.018,17.704,17.700,18.193,17.971,17.723,17.899,18.716,18.738,18.775,18.725,17.932,18.035,18.339,17.723,18.030,17.799,17.517,17.786,17.809,17.653,18.897,19.082,18.592,18.697,19.151,18.786,18.656,18.806,18.715,19.460
Unknown 06,,,,17.816,17.724,17.630,18.945,17.849,18.720,17.974,18.620,18.109,19.254,18.515,17.728,18.845,18.111,18.801,19.077,17.419,18.899,18.996,17.563,17.918,18.628,19.011,17.698,18.886,18.994,19.036,18.698,18.741,19.395,18.385,17.447,19.419,17.782,17.912,17.945,18.360,18.529,19.167,18.609,17.413,17.705,18.093,17.827,18.208,17.555,19.290,17.505,17.490,19.226,18.814,18.874,18.369,19.259,18.351,19.116,19.076,19.108,19.741,19.328,17.730,18.686,17.733,17.468,17.382,18.885,18.718,18.645,18.768,17.369,18.818,18.833,18.762,18.999,19.224,19.163,17.595,19.402,19.251,17.036,18.856,18.527,18.558,18.725,18.335,19.224,19.434,18.895,19.147,18.722,19.069,17.743,18.535,19.007,18.278,19.078,18.961,19.014,18.610,19.199,18.997,19.081,18.388,18.871,18.964,19.232,17.538,19.034,17.684,19.343,19.403,19.081,19.224,18.811,19.380,19.382,19.380,19.410,18.047,19.481
Unknown 07,,,,14.890,14.972,15.174,14.992,14.777,13.854,14.070,14.472,14.320,15.574,14.166,15.245,14.504,15.232,15.250,15.224,15.156,15.391,15.722,15.410,14.742,15.513,15.554,16.047,16.073,15.640,15.671,15.537,13.858,14.026,14.516,15.811,15.570,15.918,15.398,13.841,13.602,14.147,,14.116,13.572,14.399,15.658,15.470,14.382,16.132,15.622,16.049,15.852,16.109,15.558,15.590,15.001,15.149,15.298,16.008,16.116,15.371,15.517,15.318,14.927,15.253,15.148,15.230,15.568,13.811,13.961,15.452,14.188,14.815,14.863,15.532,15.615,15.225,15.216,15.532,15.884,15.426,15.889,15.842,14.856,15.422,15.085,15.964,15.073,15.063,14.605,15.456,15.702,13.348,15.495,15.637,15.841,15.565,15.643,14.864,15.170,15.809,13.936,15.284,15.361,15.536,15.032,15.284,14.825,16.420,16.183,15.973,16.036,15.484,15.583,15.707,15.286,14.864,14.366,15.925,13.945,15.240,15.070,15.916
Unknown 08,,,,18.393,18.153,18.349,17.212,16.773,17.949,17.193,17.821,18.725,17.628,18.855,19.099,17.979,18.299,17.957,18.360,16.825,17.900,18.696,18.135,18.274,16.566,17.698,17.345,16.992,17.888,18.655,18.429,18.605,18.822,17.252,17.479,18.242,17.379,18.455,17.963,17.582,17.884,18.829,17.572,18.024,18.333,18.205,18.330,18.599,17.607,17.578,17.505,17.179,16.666,18.611,17.832,18.502,18.516,18.381,18.580,18.650,18.763,18.296,18.698,18.725,17.919,17.612,17.727,16.712,17.094,17.808,18.269,17.634,18.911,18.987,18.710,18.116,18.713,18.925,16.882,16.851,17.282,16.901,16.191,17.956,17.486,18.462,18.051,18.485,17.772,17.892,17.912,17.695,17.654,16.995,16.952,17.538,17.988,18.154,17.753,18.014,17.940,17.934,17.893,17.763,18.721,18.741,18.417,17.924,18.437,17.856,18.054,18.197,18.499,18.972,18.941,18.840,19.209,18.825,18.074,18.754,18.762,18.930,19.020
Unknown 09,,,,19.809,19.430,19.661,18.529,19.340,19.273,18.968,18.749,20.208,19.067,20.550,20.656,19.629,19.411,19.507,19.843,18.203,18.051,20.132,19.476,19.463,19.110,18.632,18.103,18.360,19.487,19.468,19.295,19.633,19.597,19.580,18.315,19.124,18.331,19.664,18.951,19.379,19.046,19.760,20.529,19.393,19.693,19.542,19.640,19.349,18.725,18.560,18.400,18.028,18.303,19.144,19.495,19.500,19.410,18.897,19.236,19.199,19.771,19.464,19.530,20.189,19.105,18.677,18.323,18.139,19.124,18.897,19.244,19.380,19.094,20.693,20.342,19.590,20.297,20.482,18.083,18.578,18.460,18.179,19.274,18.725,18.257,18.725,18.919,19.553,20.197,20.994,19.473,19.960,19.503,18.583,18.613,18.864,18.725,19.154,19.410,19.333,19.048,19.508,19.369,18.610,20.095,19.871,19.760,18.990,19.677,19.024,19.250,19.385,19.853,19.849,19.445,19.849,19.339,19.448,19.284,19.633,19.504,19.789,20.265
Unknown 10,,,,20.416,20.638,21.159,19.999,20.927,19.293,19.651,19.468,18.927,18.262,19.927,20.979,20.530,20.454,20.674,21.181,20.701,20.568,21.181,21.587,21.036,21.281,21.293,21.066,21.048,19.476,19.455,19.578,19.383,19.222,22.101,21.803,21.779,21.925,22.003,19.124,20.144,20.380,18.751,19.985,20.552,20.508,21.238,20.889,20.257,22.212,21.582,21.579,21.481,21.383,20.423,20.197,20.934,20.693,20.869,18.710,19.313,19.691,17.869,18.809,21.075,21.306,21.451,21.021,21.273,19.527,19.961,19.527,20.174,19.817,21.375,21.485,21.431,21.907,21.664,20.440,21.417,21.173,20.558,21.559,20.528,20.730,20.444,21.670,21.752,20.016,20.346,20.105,19.968,19.778,21.167,21.629,20.538,21.472,21.374,19.952,19.725,,19.846,19.888,20.366,21.220,20.725,20.608,20.154,22.083,21.785,21.550,21.488,21.457,19.550,19.401,19.626,20.407,20.460,18.820,19.572,19.371,18.824,18.780
Unknown 11,,,,21.051,20.269,19.705,20.766,18.399,19.552,20.323,19.625,18.745,20.663,19.520,19.896,19.009,20.177,19.484,19.527,20.966,20.030,19.468,20.162,20.016,18.750,19.002,20.568,20.609,19.358,19.396,18.190,19.100,19.498,19.396,20.165,19.317,19.587,19.433,20.550,18.600,19.412,18.658,19.223,19.379,19.971,19.368,20.121,20.713,19.847,19.090,20.284,20.934,21.031,19.906,20.431,18.705,18.413,18.688,19.694,19.910,18.984,19.276,17.881,19.185,19.507,19.501,21.171,21.069,18.853,18.920,19.677,18.633,20.785,19.611,20.566,21.324,19.134,20.205,21.283,19.889,19.789,21.506,20.246,18.935,19.173,20.398,18.859,19.511,18.214,18.432,19.300,19.271,17.598,20.470,19.538,21.629,19.789,19.390,18.689,19.275,20.227,19.062,19.782,20.866,19.480,20.119,19.153,20.207,19.736,20.099,19.654,20.377,19.686,18.908,19.682,18.411,18.745,18.592,19.438,18.778,19.019,18.955,19.204
Unknown 12,,,,14.875,16.095,16.012,15.892,14.819,15.191,15.764,15.853,16.306,16.057,16.311,15.670,16.862,16.139,16.540,,15.431,15.415,15.492,15.024,15.729,14.449,15.655,,15.799,14.803,16.578,16.352,16.743,16.668,15.955,15.780,16.435,15.839,16.039,15.550,15.830,16.008,16.635,16.233,14.786,16.004,15.754,15.870,15.949,15.232,15.106,15.655,15.384,,16.345,14.952,16.347,16.416,15.468,15.435,15.968,16.750,15.946,16.176,15.591,15.462,15.768,15.547,15.540,15.198,15.435,16.572,15.918,15.659,16.154,15.072,14.606,14.902,13.970,15.178,15.621,15.506,15.108,15.355,15.651,15.656,16.190,15.982,16.241,16.919,16.080,16.590,16.751,16.326,15.777,15.726,16.083,16.116,16.270,15.918,16.164,16.148,15.992,16.397,15.964,15.856,15.708,15.608,15.999,15.050,15.043,15.538,15.823,15.392,15.884,15.758,15.995,15.896,,,14.643,16.002,16.787,
Unknown 13,,,,16.635,16.800,17.843,17.523,17.751,15.400,16.522,16.123,15.803,16.353,14.260,15.455,16.798,17.270,17.418,16.266,14.944,15.981,16.069,15.019,15.435,16.433,16.006,15.190,15.252,18.007,17.271,16.939,18.317,16.953,16.326,15.272,15.990,15.271,16.023,15.529,16.559,16.518,16.937,16.502,15.374,16.458,16.108,16.577,15.426,15.006,15.363,15.124,16.070,14.772,16.484,16.379,16.825,16.345,17.701,16.859,16.932,18.407,17.130,17.322,18.108,17.133,17.056,16.887,16.493,16.531,15.640,16.855,17.729,15.374,14.541,14.403,14.262,14.996,14.843,15.311,15.919,15.933,15.129,14.622,16.757,15.418,16.068,15.664,16.122,17.854,17.825,16.917,17.556,16.838,15.693,15.589,17.059,15.685,16.077,16.169,16.489,16.899,16.696,16.681,15.869,15.730,16.205,15.689,15.781,14.845,16.215,14.806,15.023,15.315,16.748,16.644,17.077,16.562,16.783,16.926,16.902,17.335,17.172,18.019
Unknown 14,,,,18.791,18.913,19.222,19.015,19.536,18.163,18.699,18.730,18.690,18.725,18.682,18.466,20.254,19.033,19.573,19.660,18.920,18.478,18.344,18.858,18.648,19.194,19.597,18.784,18.751,18.991,19.192,18.902,18.827,19.323,20.152,16.864,19.792,16.563,19.892,18.587,19.650,18.970,21.086,19.497,19.023,18.980,19.132,18.865,18.714,18.451,19.890,19.279,19.164,18.967,18.499,18.979,19.048,19.223,18.329,19.018,19.342,18.716,19.133,18.993,19.576,19.158,20.238,19.285,19.194,19.074,18.732,18.606,19.971,18.454,18.802,15.507,18.726,19.456,16.297,18.910,14.569,18.451,19.034,18.867,18.895,18.790,18.855,19.599,19.619,18.585,19.419,19.269,19.039,18.808,19.405,19.630,19.305,19.314,20.023,19.289,18.875,19.160,19.352,19.122,19.173,18.729,19.544,19.017,19.087,19.100,18.966,18.796,19.109,20.005,19.976,19.047,19.836,19.111,19.348,18.820,19.757,19.511,20.830,20.034
Unknown 15,,,,18.435,18.262,17.807,19.042,17.870,17.252,15.673,16.908,17.154,17.339,20.138,18.187,17.494,17.328,17.343,18.080,17.171,16.675,18.400,17.887,17.677,16.825,17.152,19.138,19.119,17.525,17.777,17.340,18.041,18.043,18.350,20.149,20.281,17.591,18.120,14.750,18.818,17.878,18.121,18.460,17.245,18.004,17.779,18.079,19.058,18.006,20.209,18.006,17.706,17.539,18.334,17.194,18.996,17.273,18.212,18.188,,17.083,17.467,,18.198,17.805,17.353,17.989,17.452,17.162,18.437,17.250,18.597,18.042,19.660,19.385,19.897,18.694,18.529,17.548,17.751,17.169,17.331,18.557,18.824,18.433,18.980,19.472,19.451,16.646,17.010,18.693,18.226,18.269,19.558,20.110,17.221,19.844,20.311,17.219,18.033,18.060,18.067,18.269,16.943,17.878,17.635,17.096,17.635,18.296,17.848,17.798,18.326,18.263,18.064,17.882,18.408,18.249,18.175,17.510,,17.746,,
Unknown 16,,,,18.501,18.144,18.104,18.166,17.789,17.533,18.008,17.558,17.104,17.609,17.280,17.894,18.600,17.824,17.815,17.786,18.267,18.101,16.498,17.864,18.040,17.836,18.222,18.129,18.078,18.185,18.437,18.200,18.033,18.413,18.467,18.872,18.629,18.851,18.381,17.538,18.003,18.262,18.780,18.229,17.504,17.733,17.851,18.075,18.725,18.942,18.825,17.792,18.085,18.470,18.296,18.495,18.103,18.469,18.098,18.465,18.538,17.685,18.718,18.803,18.205,17.651,18.251,18.868,18.263,17.954,17.571,18.166,18.425,17.669,18.126,18.171,18.192,18.335,18.651,18.441,17.987,18.158,17.804,18.655,18.427,17.806,18.436,18.395,18.446,18.392,18.505,18.494,18.328,18.298,18.261,18.229,18.943,18.291,18.863,17.852,18.733,19.083,18.466,18.432,18.211,19.508,18.186,18.061,17.771,18.330,17.931,18.193,18.249,18.517,17.882,18.463,18.460,18.269,18.819,18.848,18.994,18.516,18.570,18.564
Unknown 17,,,,17.837,17.576,17.664,17.824,17.532,17.204,17.787,17.561,17.268,17.731,16.883,17.408,17.751,17.616,17.743,17.476,17.875,17.732,17.422,17.762,17.633,17.416,17.590,17.946,17.820,17.528,17.625,17.035,17.331,17.621,18.082,18.433,18.015,18.309,17.923,17.637,17.820,17.570,18.023,17.861,17.444,17.699,17.577,17.601,17.454,17.755,17.954,18.611,18.730,18.388,17.740,17.718,17.531,17.502,17.412,17.578,17.692,17.530,17.607,17.035,17.882,17.744,17.912,18.285,18.447,17.465,17.614,17.517,17.787,17.723,17.363,17.792,18.237,17.575,17.547,18.373,17.886,17.866,18.409,17.882,17.496,17.332,17.986,17.799,17.892,17.327,17.486,17.568,17.474,17.098,18.025,17.805,18.526,17.937,18.133,17.602,17.453,17.662,17.378,17.593,18.073,17.564,17.951,17.505,17.823,18.230,18.255,17.759,18.001,17.754,17.470,17.619,17.694,17.217,17.604,17.385,17.276,17.414,17.635,17.905
Unknown 18,,,,17.517,17.455,17.698,17.668,17.805,16.730,17.291,17.163,17.478,17.534,17.259,16.902,18.052,17.225,17.836,16.963,16.785,16.429,16.890,14.338,17.027,16.663,17.097,16.750,16.752,18.172,18.150,17.859,18.333,18.127,17.946,16.936,17.604,16.581,17.855,16.874,17.571,17.156,18.019,17.683,17.048,16.931,17.210,17.226,17.205,17.547,17.100,14.378,14.178,18.168,17.778,17.866,17.604,18.181,17.614,17.476,17.572,17.759,18.097,17.792,18.006,17.531,18.474,17.433,17.023,17.382,16.759,17.864,17.779,16.581,16.552,17.647,14.290,17.038,17.428,14.564,16.899,16.841,18.194,14.195,17.493,16.780,17.487,17.141,17.320,18.268,18.318,17.889,18.051,17.956,17.118,16.829,17.231,16.992,17.583,16.923,17.532,17.685,17.427,17.453,16.982,16.736,17.297,17.096,17.331,18.079,18.026,13.519,14.072,18.619,17.990,17.831,17.924,17.683,17.521,17.932,17.276,18.094,18.112,18.466
Unknown 19,,,,19.060,18.793,19.004,19.064,18.808,18.730,19.274,18.974,19.147,19.482,17.938,19.046,19.978,19.233,20.103,18.714,18.464,18.760,18.755,18.756,19.119,18.771,18.829,18.856,19.098,19.970,20.135,20.057,19.963,20.251,19.446,18.900,19.150,18.921,19.249,19.046,19.557,19.761,20.226,19.992,18.725,18.782,19.158,18.880,18.425,18.800,18.820,18.725,18.586,18.725,20.163,19.595,19.663,19.919,20.050,19.984,20.063,20.299,20.475,20.473,18.981,18.744,18.773,18.825,18.878,19.235,18.925,19.720,20.027,18.262,17.928,18.085,18.050,18.309,18.481,18.853,18.975,18.576,18.944,18.579,19.585,19.042,19.930,19.418,19.708,20.045,20.079,20.099,20.019,19.880,19.263,19.131,19.314,19.188,19.285,19.576,19.886,20.101,20.095,19.980,19.156,19.284,19.624,19.271,18.804,18.910,18.883,18.809,18.822,19.009,20.384,19.892,20.235,20.290,20.263,20.087,20.244,20.524,20.346,20.805
Unknown 20,,,,18.132,17.956,17.869,18.159,17.637,17.587,18.026,17.889,17.562,18.511,17.035,17.946,18.561,18.020,18.693,17.553,17.951,17.792,17.687,18.220,17.975,17.505,17.680,17.963,18.054,18.575,18.720,18.298,18.397,18.755,18.425,18.201,18.222,18.100,18.092,17.985,17.988,18.423,18.699,18.216,17.590,17.824,17.880,18.022,18.219,18.025,17.703,17.992,18.140,18.074,18.528,18.650,18.121,18.131,18.309,18.824,18.718,18.616,19.007,18.443,17.865,17.826,17.625,18.298,18.332,17.857,17.746,18.558,18.168,17.885,17.401,17.656,17.732,17.537,17.615,18.013,17.987,17.579,18.274,17.807,17.888,17.630,18.380,18.028,18.328,18.475,18.318,18.703,18.522,18.047,18.246,18.118,18.635,18.105,18.123,17.906,18.308,18.744,18.357,18.360,18.221,17.857,18.108,17.647,18.065,18.175,18.008,17.826,18.065,17.923,18.509,18.725,18.486,18.725,18.868,18.532,18.771,18.329,18.634,18.833
Unknown 21,,,,18.725,18.594,18.688,18.613,18.642,18.138,18.605,18.560,18.902,19.005,18.091,18.725,19.414,18.942,19.143,18.763,18.853,18.741,18.661,18.674,18.899,18.755,19.248,18.960,19.005,18.716,19.118,19.104,19.534,19.388,19.444,19.488,18.822,19.309,19.250,18.917,18.419,19.160,19.843,19.356,18.755,18.680,19.113,19.354,19.461,19.290,19.090,19.249,19.113,19.004,19.260,16.338,18.749,19.389,19.256,18.741,19.039,19.193,19.232,18.337,19.280,18.855,18.955,18.924,19.058,18.751,18.749,19.401,18.878,18.868,17.685,18.796,18.711,18.852,18.915,18.725,16.372,18.962,18.980,18.695,19.111,19.015,19.170,18.714,19.450,20.126,19.519,19.438,18.925,19.676,19.505,19.586,18.628,19.574,18.926,18.977,18.927,18.907,19.296,17.864,18.857,18.967,19.123,19.005,18.637,19.216,19.016,18.942,19.152,19.270,19.096,18.861,19.149,19.061,18.970,17.704,17.980,18.089,18.970,18.102
Unknown 22,,,,17.523,17.557,17.661,17.654,17.659,16.311,17.220,16.853,16.649,16.911,17.001,17.411,18.011,17.493,17.791,17.592,17.444,17.452,17.377,17.469,17.549,17.594,18.122,17.984,17.956,16.030,16.683,15.773,16.627,17.011,18.375,18.206,18.447,18.058,18.312,16.281,16.707,16.807,17.702,17.160,17.118,17.363,17.514,17.476,17.549,17.605,17.594,17.428,17.645,17.556,17.573,18.282,18.444,18.352,17.988,16.164,16.689,16.628,17.486,16.690,17.927,17.462,18.038,17.861,17.913,16.835,16.601,16.933,17.264,16.896,17.022,17.262,17.322,17.596,17.637,17.530,17.640,17.907,17.546,17.414,17.936,17.785,18.515,18.620,18.772,18.408,17.409,17.660,17.149,17.906,18.230,18.171,18.408,18.241,18.579,16.523,16.408,16.568,16.984,16.310,17.438,17.429,17.668,17.518,17.350,17.763,17.729,17.442,17.644,18.107,17.136,17.645,18.091,17.621,17.252,15.836,16.366,16.114,16.992,16.702
Unknown 23,,,,16.202,16.283,16.311,16.372,16.365,14.660,15.675,15.259,15.164,15.212,15.816,16.193,16.837,16.354,16.532,16.483,16.393,16.339,16.188,16.325,16.403,16.372,17.003,16.872,16.865,14.579,15.785,14.546,14.880,15.309,17.141,16.927,17.247,16.845,17.084,14.918,15.628,15.702,16.102,15.937,15.882,16.178,16.388,16.359,15.640,16.509,16.464,16.319,16.584,16.499,16.343,16.985,17.129,17.083,16.768,15.188,15.363,15.283,16.074,15.189,16.593,16.189,16.842,16.679,16.691,15.293,15.505,15.896,15.730,15.547,16.002,16.158,16.233,16.468,16.432,16.389,16.488,16.775,16.504,16.261,16.641,16.478,17.275,17.351,17.438,17.183,16.074,16.369,15.911,16.647,16.906,16.923,17.253,16.962,17.301,15.007,15.026,15.846,15.811,15.217,16.364,16.322,16.446,16.339,16.161,16.633,16.552,16.379,16.652,17.057,15.800,16.136,16.686,16.176,16.117,15.214,15.835,15.067,15.347,16.177
Unknown 24,,,,16.907,17.064,17.213,17.042,17.873,18.284,17.919,17.511,18.744,17.930,18.249,17.665,18.394,17.318,17.617,18.444,17.139,17.394,17.322,17.191,17.570,17.327,18.838,17.087,17.155,17.794,17.849,17.607,17.741,17.364,17.784,17.076,17.955,16.930,17.771,17.692,19.294,18.074,18.566,18.012,17.244,17.102,17.219,17.159,17.711,17.828,18.111,16.926,16.734,17.343,17.679,17.524,18.178,18.229,17.547,17.290,17.973,17.685,17.803,17.524,17.503,16.748,18.456,17.229,16.592,18.989,17.780,17.844,18.797,17.858,18.219,17.495,17.533,17.999,17.644,17.558,17.451,18.905,16.870,17.041,17.646,17.310,17.627,17.781,17.467,18.075,18.547,17.376,17.262,17.876,17.213,17.369,18.868,17.414,17.829,18.598,18.329,17.894,18.070,17.718,17.316,17.531,17.172,17.243,17.206,17.395,17.561,16.973,16.799,18.725,16.985,18.117,17.420,18.189,17.456,17.056,17.448,17.563,17.808,15.904
Unknown 25,,,,17.604,16.784,17.161,16.828,17.092,24.816,17.830,18.032,24.481,18.496,23.676,17.794,18.286,20.538,16.888,15.996,22.297,21.388,20.534,17.004,16.708,15.980,18.725,18.782,18.843,19.321,18.629,18.289,19.045,17.779,17.431,16.691,16.903,20.472,16.026,24.365,18.712,18.847,18.799,18.725,18.311,17.795,16.926,17.594,20.896,21.020,16.382,16.560,20.245,20.055,17.158,21.068,17.437,16.659,16.562,18.126,17.937,18.700,19.322,21.873,16.278,16.638,15.757,19.097,15.942,22.116,21.717,18.458,18.641,24.333,23.928,23.282,22.488,21.756,17.134,20.639,20.254,20.050,20.220,15.940,16.451,17.198,20.075,17.059,17.042,18.725,18.802,18.872,17.473,18.053,18.282,18.167,17.426,17.010,17.165,18.725,19.427,18.220,19.413,18.672,16.872,17.386,18.234,18.048,21.880,16.307,16.125,20.174,15.949,15.250,18.732,15.473,18.581,16.552,15.915,18.197,18.496,19.113,19.517,18.516
Unknown 26,,,,15.972,15.662,16.283,15.104,15.974,16.984,17.635,16.115,18.308,15.800,20.913,16.500,16.772,15.061,16.232,16.200,15.725,15.622,14.796,16.122,15.568,16.469,15.765,15.404,15.051,14.977,16.413,17.269,16.512,16.986,16.230,15.304,16.157,15.099,16.436,16.696,17.201,16.380,16.921,18.547,16.977,16.014,16.553,15.970,19.781,14.927,15.833,15.003,14.540,14.759,16.088,15.756,16.362,17.110,16.573,16.131,16.009,20.521,16.848,19.448,16.151,14.786,15.628,14.936,14.432,18.389,18.159,16.256,18.251,18.546,16.896,16.638,15.107,16.851,15.646,14.939,14.840,,14.434,14.850,15.808,15.282,15.319,15.862,15.476,17.024,18.705,16.165,16.330,16.801,17.841,17.490,16.502,15.850,17.706,16.790,18.448,16.563,16.897,16.648,18.725,15.558,16.505,16.118,16.107,14.622,14.481,14.719,14.901,15.811,17.594,18.690,18.851,17.433,19.277,16.047,18.976,17.370,20.437,21.077
Unknown 27,,,,16.246,15.744,15.558,14.685,15.702,18.829,17.423,17.557,18.225,17.957,17.710,17.059,,,,15.762,16.406,14.356,14.378,15.509,12.018,14.197,14.880,14.538,14.025,17.272,17.517,16.712,16.550,15.953,15.255,15.219,12.185,15.099,15.047,18.564,18.648,17.455,16.694,17.473,16.655,16.304,15.868,15.785,16.004,15.018,15.007,14.870,14.986,14.752,14.681,15.256,14.568,,14.381,17.405,17.697,16.974,16.363,14.652,15.155,,15.081,15.229,15.156,18.123,17.984,17.978,17.497,18.708,17.541,16.632,16.356,15.194,15.203,14.824,14.773,14.989,14.688,14.617,,13.969,13.501,13.611,13.345,16.791,16.569,16.840,16.021,15.171,16.271,16.090,16.483,14.797,15.291,18.493,18.202,18.255,17.210,18.224,16.555,16.662,16.130,15.450,16.419,14.901,14.627,14.970,14.780,15.370,15.602,15.866,,,14.803,16.968,15.528,15.793,16.984,15.979
Unknown 28,,,,17.216,17.236,17.506,17.239,17.193,16.527,17.178,16.620,16.108,16.010,16.653,17.106,17.157,17.253,17.277,17.402,17.440,17.090,17.296,17.539,17.350,17.430,17.849,17.637,17.460,12.556,16.594,,16.706,16.316,18.042,18.303,17.951,18.020,17.739,16.756,16.774,16.908,17.550,17.299,17.182,17.548,17.708,17.415,17.381,18.556,18.024,18.509,18.720,18.507,18.158,18.503,19.198,18.870,18.926,17.185,,17.504,18.026,17.427,17.825,17.639,17.569,17.991,18.032,16.714,16.849,17.807,17.041,17.282,17.500,17.954,17.962,17.678,17.859,18.167,18.639,18.730,18.253,18.809,18.540,18.725,18.693,19.277,19.640,18.655,17.935,18.246,18.066,18.275,17.961,17.595,17.612,17.812,17.878,16.311,16.770,16.479,16.943,16.340,17.306,17.486,17.551,17.454,17.675,18.679,18.725,18.163,18.643,18.372,18.065,17.592,18.467,18.278,18.072,16.902,17.183,17.163,17.358,17.609
Unknown 29,,,,16.867,16.707,16.964,16.492,17.275,16.626,16.842,16.881,17.509,17.333,16.141,16.534,18.428,17.086,17.735,16.535,16.367,16.613,16.131,16.931,17.202,17.124,17.160,16.610,16.602,17.502,17.962,17.913,17.806,17.757,17.493,16.763,17.000,16.907,17.099,16.644,17.606,17.825,18.972,17.741,16.502,16.981,16.817,16.814,16.999,16.788,16.551,16.548,16.557,16.636,17.409,17.413,17.704,18.194,17.406,17.511,17.842,18.198,17.919,18.120,16.988,16.481,16.776,16.534,16.758,17.463,17.120,17.889,18.235,16.208,16.317,15.949,15.921,16.857,16.574,16.039,16.472,16.648,16.281,16.226,17.319,,17.325,17.400,17.609,17.840,18.283,17.748,17.799,18.267,16.540,16.917,16.753,16.524,16.911,17.646,17.692,17.215,17.864,17.528,16.605,16.578,17.220,16.901,16.848,16.789,16.604,16.293,16.428,17.052,17.863,17.191,17.972,17.804,18.105,14.857,18.286,17.948,18.146,18.261
Unknown 30,,,,20.460,20.494,22.082,20.782,22.224,18.256,19.016,20.849,20.151,18.927,18.003,19.457,20.101,20.683,19.801,17.953,18.597,17.775,19.926,18.295,18.777,18.725,17.557,18.247,18.390,20.753,21.201,20.543,21.593,19.884,20.983,19.312,19.280,19.902,20.533,17.938,19.520,18.826,17.579,19.725,19.125,20.448,20.904,18.784,19.041,18.268,17.406,19.092,18.959,18.729,19.425,19.262,19.809,20.657,19.222,19.523,18.756,20.777,18.521,19.960,22.454,21.769,21.787,20.607,21.446,20.469,18.926,20.494,19.732,19.420,18.059,18.335,18.180,18.409,18.673,17.336,20.095,16.763,17.730,19.706,18.617,18.411,18.437,19.302,19.453,21.693,21.932,19.707,22.032,21.039,19.175,19.209,19.045,18.820,19.306,18.915,18.309,19.176,18.990,19.203,19.715,18.470,19.130,19.149,20.721,17.815,18.069,17.629,19.450,18.297,19.973,19.498,20.443,19.758,19.456,19.617,18.980,19.626,20.825,20.913